agent,mean_roi,mean_sharpe,mean_maxdd
PPO,936.2756828779301,5.995697947836558,-52.46672319850892
AlwaysBuyYes,225.11948370566336,6.644600997011849,-24.959391606344024
AlwaysBuyNo,-13.767818787842318,-4.52341355859859,-24.28186908743728
MarketOdds,50.318271584451274,4.15394055031834,-21.965391606373963
Random,350.5492952962814,-7.251610646296829,-33.17244727461655
